CurrentTime,PlatformType,PlatformDirection,PlatformMovementType,PlayerVelocity.x,PlayerVelocity.y,PlayerVelocity.z,PlayerPosition.x,PlayerPosition.y,PlayerPosition.z,PlayerRotation.Pitch,PlayerRotation.Roll,PlayerRotation.Yaw,PlayerCurrentSpeed,UnixTimeStamp [us],ControllerId,MotorFlags,HallPosition,EncoderPosition,MotorVelocity,MotorVoltage,MotorCurrent 
1.618003,0,0,250,498.776558,-34.956339,0.000000,288.347348,116571.710985,138.911663,0.000000,359.929993,0.175000,500.000000,1712606533253646,1,0,0,-73200421,-105.054138,35.910000,-1.538336
1.618003,0,0,250,498.776558,-34.956339,0.000000,288.347348,116571.710985,138.911663,0.000000,359.929993,0.175000,500.000000,1712606533253646,2,0,0,-67364390,-37.611977,35.910000,-0.409057
1.618003,0,0,250,498.776558,-34.956339,0.000000,288.347348,116571.710985,138.911663,0.000000,359.929993,0.175000,500.000000,1712606533253646,3,0,0,67624775,37.611977,35.910000,0.409057
1.618003,0,0,250,498.776558,-34.956339,0.000000,288.347348,116571.710985,138.911663,0.000000,359.929993,0.175000,500.000000,1712606533253646,4,0,0,73449163,105.054138,35.910000,1.538666
1.618003,0,0,250,498.776558,-34.956339,0.000000,288.347348,116571.710985,138.911663,0.000000,359.929993,0.175000,500.000000,1712606533392491,1,0,0,-73201499,-104.792198,35.910000,-1.538453
1.618003,0,0,250,498.776558,-34.956339,0.000000,288.347348,116571.710985,138.911663,0.000000,359.929993,0.175000,500.000000,1712606533392491,2,0,0,-67364681,-37.537502,35.910000,-0.409043
1.618003,0,0,250,498.776558,-34.956339,0.000000,288.347348,116571.710985,138.911663,0.000000,359.929993,0.175000,500.000000,1712606533392491,3,0,0,67625066,37.537502,35.910000,0.409043
1.618003,0,0,250,498.776558,-34.956339,0.000000,288.347348,116571.710985,138.911663,0.000000,359.929993,0.175000,500.000000,1712606533392491,4,0,0,73450376,139.983612,35.910000,1.538252
1.618003,0,0,250,498.776558,-34.956339,0.000000,288.347348,116571.710985,138.911663,0.000000,359.929993,0.175000,500.000000,1712606533535657,1,0,0,-73202848,-113.876495,35.910000,-1.538521
1.618003,0,0,250,498.776558,-34.956339,0.000000,288.347348,116571.710985,138.911663,0.000000,359.929993,0.175000,500.000000,1712606533535657,2,0,0,-67365043,-36.657707,35.910000,-0.409001
1.618003,0,0,250,498.776558,-34.956339,0.000000,288.347348,116571.710985,138.911663,0.000000,359.929993,0.175000,500.000000,1712606533535657,3,0,0,67625428,36.657707,35.910000,0.409001
1.618003,0,0,250,498.776558,-34.956339,0.000000,288.347348,116571.710985,138.911663,0.000000,359.929993,0.175000,500.000000,1712606533535657,4,0,0,73451726,136.957275,35.910000,1.539810
1.618003,0,0,250,498.776558,-34.956339,0.000000,288.347348,116571.710985,138.911663,0.000000,359.929993,0.175000,500.000000,1712606533684779,1,0,0,-73203929,-114.795479,35.910000,-1.565185
1.618003,0,0,250,498.776558,-34.956339,0.000000,288.347348,116571.710985,138.911663,0.000000,359.929993,0.175000,500.000000,1712606533684779,2,0,0,-67365333,-38.692703,35.910000,-0.409025
1.618003,0,0,250,498.776558,-34.956339,0.000000,288.347348,116571.710985,138.911663,0.000000,359.929993,0.175000,500.000000,1712606533684779,3,0,0,67625718,38.692703,35.910000,0.409030
1.618003,0,0,250,498.776558,-34.956339,0.000000,288.347348,116571.710985,138.911663,0.000000,359.929993,0.175000,500.000000,1712606533684779,4,0,0,73452671,114.795479,35.910000,1.565185
1.618003,0,0,250,498.776558,-34.956339,0.000000,288.347348,116571.710985,138.911663,0.000000,359.929993,0.175000,500.000000,1712606533841983,1,0,0,-73205407,-132.414169,35.910000,-1.538529
1.618003,0,0,250,498.776558,-34.956339,0.000000,288.347348,116571.710985,138.911663,0.000000,359.929993,0.175000,500.000000,1712606533841983,2,0,0,-67365694,-29.647448,35.910000,-0.409045
1.618003,0,0,250,498.776558,-34.956339,0.000000,288.347348,116571.710985,138.911663,0.000000,359.929993,0.175000,500.000000,1712606533841983,3,0,0,67626079,29.647448,35.910000,0.409087
1.618003,0,0,250,498.776558,-34.956339,0.000000,288.347348,116571.710985,138.911663,0.000000,359.929993,0.175000,500.000000,1712606533841983,4,0,0,73454149,110.261856,35.910000,1.538346
1.618003,0,0,250,498.776558,-34.956339,0.000000,288.347348,116571.710985,138.911663,0.000000,359.929993,0.175000,500.000000,1712606533967743,1,0,0,-73206620,-114.500885,35.910000,-1.537608
1.618003,0,0,250,498.776558,-34.956339,0.000000,288.347348,116571.710985,138.911663,0.000000,359.929993,0.175000,500.000000,1712606533967743,2,0,0,-67366019,-30.745607,35.910000,-0.409062
1.618003,0,0,250,498.776558,-34.956339,0.000000,288.347348,116571.710985,138.911663,0.000000,359.929993,0.175000,500.000000,1712606533967743,3,0,0,67626404,30.745607,35.910000,0.409068
1.618003,0,0,250,498.776558,-34.956339,0.000000,288.347348,116571.710985,138.911663,0.000000,359.929993,0.175000,500.000000,1712606533967743,4,0,0,73455362,114.500885,35.910000,1.538683
1.618003,0,0,250,498.776558,-34.956339,0.000000,288.347348,116571.710985,138.911663,0.000000,359.929993,0.175000,500.000000,1712606534111441,1,0,0,-73207695,-113.934746,35.910000,-1.564425
1.618003,0,0,250,498.776558,-34.956339,0.000000,288.347348,116571.710985,138.911663,0.000000,359.929993,0.175000,500.000000,1712606534111441,2,0,0,-67366307,-30.396770,35.910000,-0.409080
1.618003,0,0,250,498.776558,-34.956339,0.000000,288.347348,116571.710985,138.911663,0.000000,359.929993,0.175000,500.000000,1712606534111441,3,0,0,67626766,46.126568,35.910000,0.409026
1.618003,0,0,250,498.776558,-34.956339,0.000000,288.347348,116571.710985,138.911663,0.000000,359.929993,0.175000,500.000000,1712606534111441,4,0,0,73456437,113.934746,35.910000,1.538935
1.618003,0,0,250,498.776558,-34.956339,0.000000,288.347348,116571.710985,138.911663,0.000000,359.929993,0.175000,500.000000,1712606534276153,1,0,0,-73209035,-113.780869,35.910000,-1.537257
1.618003,0,0,250,498.776558,-34.956339,0.000000,288.347348,116571.710985,138.911663,0.000000,359.929993,0.175000,500.000000,1712606534276153,2,0,0,-67366701,-36.382420,35.910000,-0.409008
1.618003,0,0,250,498.776558,-34.956339,0.000000,288.347348,116571.710985,138.911663,0.000000,359.929993,0.175000,500.000000,1712606534276153,3,0,0,67627086,36.382420,35.910000,0.409090
1.618003,0,0,250,498.776558,-34.956339,0.000000,288.347348,116571.710985,138.911663,0.000000,359.929993,0.175000,500.000000,1712606534276153,4,0,0,73457906,135.919235,35.910000,1.539243
1.618003,0,0,250,498.776558,-34.956339,0.000000,288.347348,116571.710985,138.911663,0.000000,359.929993,0.175000,500.000000,1712606534426297,1,0,0,-73210529,-129.290619,35.910000,-1.538393
1.618003,0,0,250,498.776558,-34.956339,0.000000,288.347348,116571.710985,138.911663,0.000000,359.929993,0.175000,500.000000,1712606534426297,2,0,0,-67367104,-34.456425,35.910000,-0.409050
1.618003,0,0,250,498.776558,-34.956339,0.000000,288.347348,116571.710985,138.911663,0.000000,359.929993,0.175000,500.000000,1712606534426297,3,0,0,67627489,34.456425,35.910000,0.409050
1.618003,0,0,250,498.776558,-34.956339,0.000000,288.347348,116571.710985,138.911663,0.000000,359.929993,0.175000,500.000000,1712606534426297,4,0,0,73459404,128.184219,35.910000,1.539013
1.618003,0,0,250,498.776558,-34.956339,0.000000,288.347348,116571.710985,138.911663,0.000000,359.929993,0.175000,500.000000,1712606534552943,1,0,0,-73211606,-112.197365,35.910000,-1.539423
1.618003,0,0,250,498.776558,-34.956339,0.000000,288.347348,116571.710985,138.911663,0.000000,359.929993,0.175000,500.000000,1712606534552943,2,0,0,-67367395,-38.029446,35.910000,-0.409078
1.618003,0,0,250,498.776558,-34.956339,0.000000,288.347348,116571.710985,138.911663,0.000000,359.929993,0.175000,500.000000,1712606534552943,3,0,0,67627780,38.029446,35.910000,0.409078
1.618003,0,0,250,498.776558,-34.956339,0.000000,288.347348,116571.710985,138.911663,0.000000,359.929993,0.175000,500.000000,1712606534552943,4,0,0,73460490,141.822510,35.910000,1.538243
2.919320,0,0,250,68.558495,-39.110416,0.000000,435.453714,116523.673061,138.911663,0.000000,359.789978,1.750000,500.000000,1712606534678395,1,0,0,-73212696,-115.094719,35.910000,-1.538520
2.919320,0,0,250,68.558495,-39.110416,0.000000,435.453714,116523.673061,138.911663,0.000000,359.789978,1.750000,500.000000,1712606534678395,2,0,0,-67367686,-38.575703,35.910000,-0.409026
2.919320,0,0,250,68.558495,-39.110416,0.000000,435.453714,116523.673061,138.911663,0.000000,359.789978,1.750000,500.000000,1712606534678395,3,0,0,67628071,38.575703,35.910000,0.409026
2.919320,0,0,250,68.558495,-39.110416,0.000000,435.453714,116523.673061,138.911663,0.000000,359.789978,1.750000,500.000000,1712606534678395,4,0,0,73461575,143.763000,35.910000,1.538340
2.919320,0,0,250,68.558495,-39.110416,0.000000,435.453714,116523.673061,138.911663,0.000000,359.789978,1.750000,500.000000,1712606534815957,1,0,0,-73213770,-114.287117,35.910000,-1.538736
2.919320,0,0,250,68.558495,-39.110416,0.000000,435.453714,116523.673061,138.911663,0.000000,359.789978,1.750000,500.000000,1712606534815957,2,0,0,-67367974,-38.521355,35.910000,-0.409030
2.919320,0,0,250,68.558495,-39.110416,0.000000,435.453714,116523.673061,138.911663,0.000000,359.789978,1.750000,500.000000,1712606534815957,3,0,0,67628359,38.521355,35.910000,0.409030
2.919320,0,0,250,68.558495,-39.110416,0.000000,435.453714,116523.673061,138.911663,0.000000,359.789978,1.750000,500.000000,1712606534815957,4,0,0,73462650,143.444168,35.910000,1.538771
2.919320,0,0,250,68.558495,-39.110416,0.000000,435.453714,116523.673061,138.911663,0.000000,359.789978,1.750000,500.000000,1712606534940110,1,0,0,-73214845,-105.489319,35.910000,-1.537636
2.919320,0,0,250,68.558495,-39.110416,0.000000,435.453714,116523.673061,138.911663,0.000000,359.789978,1.750000,500.000000,1712606534940110,2,0,0,-67368262,-37.636890,35.910000,-0.409031
2.919320,0,0,250,68.558495,-39.110416,0.000000,435.453714,116523.673061,138.911663,0.000000,359.789978,1.750000,500.000000,1712606534940110,3,0,0,67628647,37.636890,35.910000,0.409031
2.919320,0,0,250,68.558495,-39.110416,0.000000,435.453714,116523.673061,138.911663,0.000000,359.789978,1.750000,500.000000,1712606534940110,4,0,0,73463719,140.210678,35.910000,1.538313
2.919320,0,0,250,68.558495,-39.110416,0.000000,435.453714,116523.673061,138.911663,0.000000,359.789978,1.750000,500.000000,1712606535064838,1,0,0,-73215919,-105.416061,35.910000,-1.538336
2.919320,0,0,250,68.558495,-39.110416,0.000000,435.453714,116523.673061,138.911663,0.000000,359.789978,1.750000,500.000000,1712606535064838,2,0,0,-67368552,-37.928856,35.910000,-0.409029
2.919320,0,0,250,68.558495,-39.110416,0.000000,435.453714,116523.673061,138.911663,0.000000,359.789978,1.750000,500.000000,1712606535064838,3,0,0,67628937,37.928856,35.910000,0.409029
2.919320,0,0,250,68.558495,-39.110416,0.000000,435.453714,116523.673061,138.911663,0.000000,359.789978,1.750000,500.000000,1712606535064838,4,0,0,73464796,140.467545,35.910000,1.538288
2.919320,0,0,250,68.558495,-39.110416,0.000000,435.453714,116523.673061,138.911663,0.000000,359.789978,1.750000,500.000000,1712606535189724,1,0,0,-73217122,-139.142685,35.910000,-1.537616
2.919320,0,0,250,68.558495,-39.110416,0.000000,435.453714,116523.673061,138.911663,0.000000,359.789978,1.750000,500.000000,1712606535189724,2,0,0,-67368840,-37.613243,35.910000,-0.409063
2.919320,0,0,250,68.558495,-39.110416,0.000000,435.453714,116523.673061,138.911663,0.000000,359.789978,1.750000,500.000000,1712606535189724,3,0,0,67629225,37.613243,35.910000,0.409063
2.919320,0,0,250,68.558495,-39.110416,0.000000,435.453714,116523.673061,138.911663,0.000000,359.789978,1.750000,500.000000,1712606535189724,4,0,0,73465865,139.142685,35.910000,1.538934
2.919320,0,0,250,68.558495,-39.110416,0.000000,435.453714,116523.673061,138.911663,0.000000,359.789978,1.750000,500.000000,1712606535328108,1,0,0,-73218213,-113.918381,35.910000,-1.537591
2.919320,0,0,250,68.558495,-39.110416,0.000000,435.453714,116523.673061,138.911663,0.000000,359.789978,1.750000,500.000000,1712606535328108,2,0,0,-67369169,-38.112400,35.910000,-0.409087
2.919320,0,0,250,68.558495,-39.110416,0.000000,435.453714,116523.673061,138.911663,0.000000,359.789978,1.750000,500.000000,1712606535328108,3,0,0,67629554,38.112400,35.910000,0.408936
2.919320,0,0,250,68.558495,-39.110416,0.000000,435.453714,116523.673061,138.911663,0.000000,359.789978,1.750000,500.000000,1712606535328108,4,0,0,73466956,113.918381,35.910000,1.539034
2.919320,0,0,250,68.558495,-39.110416,0.000000,435.453714,116523.673061,138.911663,0.000000,359.789978,1.750000,500.000000,1712606535467067,1,0,0,-73219417,-105.386124,35.910000,-1.538449
2.919320,0,0,250,68.558495,-39.110416,0.000000,435.453714,116523.673061,138.911663,0.000000,359.789978,1.750000,500.000000,1712606535467067,2,0,0,-67369457,-28.293320,35.910000,-0.409126
2.919320,0,0,250,68.558495,-39.110416,0.000000,435.453714,116523.673061,138.911663,0.000000,359.789978,1.750000,500.000000,1712606535467067,3,0,0,67629842,28.293320,35.910000,0.409077
2.919320,0,0,250,68.558495,-39.110416,0.000000,435.453714,116523.673061,138.911663,0.000000,359.789978,1.750000,500.000000,1712606535467067,4,0,0,73468160,105.386124,35.910000,1.539572
2.919320,0,0,250,68.558495,-39.110416,0.000000,435.453714,116523.673061,138.911663,0.000000,359.789978,1.750000,500.000000,1712606535592303,1,0,0,-73220501,-105.433327,35.910000,-1.538352
2.919320,0,0,250,68.558495,-39.110416,0.000000,435.453714,116523.673061,138.911663,0.000000,359.789978,1.750000,500.000000,1712606535592303,2,0,0,-67369748,-28.375883,35.910000,-0.409047
2.919320,0,0,250,68.558495,-39.110416,0.000000,435.453714,116523.673061,138.911663,0.000000,359.789978,1.750000,500.000000,1712606535592303,3,0,0,67630133,28.375883,35.910000,0.409027
2.919320,0,0,250,68.558495,-39.110416,0.000000,435.453714,116523.673061,138.911663,0.000000,359.789978,1.750000,500.000000,1712606535592303,4,0,0,73469244,105.433327,35.910000,1.538483
2.919320,0,0,250,68.558495,-39.110416,0.000000,435.453714,116523.673061,138.911663,0.000000,359.789978,1.750000,500.000000,1712606535717946,1,0,0,-73221703,-114.380234,35.910000,-1.538719
2.919320,0,0,250,68.558495,-39.110416,0.000000,435.453714,116523.673061,138.911663,0.000000,359.789978,1.750000,500.000000,1712606535717946,2,0,0,-67370071,-30.729017,35.910000,-0.409025
2.919320,0,0,250,68.558495,-39.110416,0.000000,435.453714,116523.673061,138.911663,0.000000,359.789978,1.750000,500.000000,1712606535717946,3,0,0,67630456,30.729017,35.910000,0.409027
2.919320,0,0,250,68.558495,-39.110416,0.000000,435.453714,116523.673061,138.911663,0.000000,359.789978,1.750000,500.000000,1712606535717946,4,0,0,73470446,114.380234,35.910000,1.538170
2.919320,0,0,250,68.558495,-39.110416,0.000000,435.453714,116523.673061,138.911663,0.000000,359.789978,1.750000,500.000000,1712606535841983,1,0,0,-73222778,-114.609261,35.910000,-1.538520
2.919320,0,0,250,68.558495,-39.110416,0.000000,435.453714,116523.673061,138.911663,0.000000,359.789978,1.750000,500.000000,1712606535841983,2,0,0,-67370361,-30.905869,35.910000,-0.409023
2.919320,0,0,250,68.558495,-39.110416,0.000000,435.453714,116523.673061,138.911663,0.000000,359.789978,1.750000,500.000000,1712606535841983,3,0,0,67630746,30.905869,35.910000,0.409016
2.919320,0,0,250,68.558495,-39.110416,0.000000,435.453714,116523.673061,138.911663,0.000000,359.789978,1.750000,500.000000,1712606535841983,4,0,0,73471521,114.609261,35.910000,1.538150
4.219691,0,0,0,72.979701,-28.790422,0.000000,598.278740,116512.189129,138.911663,0.000000,338.299866,8.225000,500.000000,1712606535968089,1,0,0,-73223854,-113.725700,35.910000,-1.536955
4.219691,0,0,0,72.979701,-28.790422,0.000000,598.278740,116512.189129,138.911663,0.000000,338.299866,8.225000,500.000000,1712606535968089,2,0,0,-67370650,-30.481010,35.910000,-0.409047
4.219691,0,0,0,72.979701,-28.790422,0.000000,598.278740,116512.189129,138.911663,0.000000,338.299866,8.225000,500.000000,1712606535968089,3,0,0,67631035,30.481010,35.910000,0.409048
4.219691,0,0,0,72.979701,-28.790422,0.000000,598.278740,116512.189129,138.911663,0.000000,338.299866,8.225000,500.000000,1712606535968089,4,0,0,73472597,113.725700,35.910000,1.538473
4.219691,0,0,0,72.979701,-28.790422,0.000000,598.278740,116512.189129,138.911663,0.000000,338.299866,8.225000,500.000000,1712606536119341,1,0,0,-73225054,-114.478531,35.910000,-1.539430
4.219691,0,0,0,72.979701,-28.790422,0.000000,598.278740,116512.189129,138.911663,0.000000,338.299866,8.225000,500.000000,1712606536119341,2,0,0,-67370971,-30.598934,35.910000,-0.409030
4.219691,0,0,0,72.979701,-28.790422,0.000000,598.278740,116512.189129,138.911663,0.000000,338.299866,8.225000,500.000000,1712606536119341,3,0,0,67631356,30.598934,35.910000,0.409030
4.219691,0,0,0,72.979701,-28.790422,0.000000,598.278740,116512.189129,138.911663,0.000000,338.299866,8.225000,500.000000,1712606536119341,4,0,0,73473797,114.478531,35.910000,1.538246
4.219691,0,0,0,72.979701,-28.790422,0.000000,598.278740,116512.189129,138.911663,0.000000,338.299866,8.225000,500.000000,1712606536244180,1,0,0,-73226134,-140.686920,35.910000,-1.538168
4.219691,0,0,0,72.979701,-28.790422,0.000000,598.278740,116512.189129,138.911663,0.000000,338.299866,8.225000,500.000000,1712606536244180,2,0,0,-67371262,-28.503485,35.910000,-0.409034
4.219691,0,0,0,72.979701,-28.790422,0.000000,598.278740,116512.189129,138.911663,0.000000,338.299866,8.225000,500.000000,1712606536244180,3,0,0,67631647,28.503485,35.910000,0.409069
4.219691,0,0,0,72.979701,-28.790422,0.000000,598.278740,116512.189129,138.911663,0.000000,338.299866,8.225000,500.000000,1712606536244180,4,0,0,73474877,105.384445,35.910000,1.538293
4.219691,0,0,0,72.979701,-28.790422,0.000000,598.278740,116512.189129,138.911663,0.000000,338.299866,8.225000,500.000000,1712606536389434,1,0,0,-73227208,-138.705215,35.910000,-1.539659
4.219691,0,0,0,72.979701,-28.790422,0.000000,598.278740,116512.189129,138.911663,0.000000,338.299866,8.225000,500.000000,1712606536389434,2,0,0,-67371550,-27.481781,35.910000,-0.409005
4.219691,0,0,0,72.979701,-28.790422,0.000000,598.278740,116512.189129,138.911663,0.000000,338.299866,8.225000,500.000000,1712606536389434,3,0,0,67631935,27.481781,35.910000,0.409005
4.219691,0,0,0,72.979701,-28.790422,0.000000,598.278740,116512.189129,138.911663,0.000000,338.299866,8.225000,500.000000,1712606536389434,4,0,0,73475951,103.186310,35.910000,1.563455
4.219691,0,0,0,72.979701,-28.790422,0.000000,598.278740,116512.189129,138.911663,0.000000,338.299866,8.225000,500.000000,1712606536527260,1,0,0,-73228565,-113.435669,35.910000,-1.539624
4.219691,0,0,0,72.979701,-28.790422,0.000000,598.278740,116512.189129,138.911663,0.000000,338.299866,8.225000,500.000000,1712606536527260,2,0,0,-67371915,-30.556471,35.910000,-0.409018
4.219691,0,0,0,72.979701,-28.790422,0.000000,598.278740,116512.189129,138.911663,0.000000,338.299866,8.225000,500.000000,1712606536527260,3,0,0,67632300,30.556471,35.910000,0.409044
4.219691,0,0,0,72.979701,-28.790422,0.000000,598.278740,116512.189129,138.911663,0.000000,338.299866,8.225000,500.000000,1712606536527260,4,0,0,73477308,113.435669,35.910000,1.538082
4.219691,0,0,0,72.979701,-28.790422,0.000000,598.278740,116512.189129,138.911663,0.000000,338.299866,8.225000,500.000000,1712606536665513,1,0,0,-73229765,-137.445511,35.910000,-1.537648
4.219691,0,0,0,72.979701,-28.790422,0.000000,598.278740,116512.189129,138.911663,0.000000,338.299866,8.225000,500.000000,1712606536665513,2,0,0,-67372238,-27.332914,35.910000,-0.410779
4.219691,0,0,0,72.979701,-28.790422,0.000000,598.278740,116512.189129,138.911663,0.000000,338.299866,8.225000,500.000000,1712606536665513,3,0,0,67632623,27.332914,35.910000,0.409038
4.219691,0,0,0,72.979701,-28.790422,0.000000,598.278740,116512.189129,138.911663,0.000000,338.299866,8.225000,500.000000,1712606536665513,4,0,0,73478508,137.445511,35.910000,1.562428
4.219691,0,0,0,72.979701,-28.790422,0.000000,598.278740,116512.189129,138.911663,0.000000,338.299866,8.225000,500.000000,1712606536790854,1,0,0,-73230846,-140.890030,35.910000,-1.538831
4.219691,0,0,0,72.979701,-28.790422,0.000000,598.278740,116512.189129,138.911663,0.000000,338.299866,8.225000,500.000000,1712606536790854,2,0,0,-67372528,-28.022326,35.910000,-0.409026
4.219691,0,0,0,72.979701,-28.790422,0.000000,598.278740,116512.189129,138.911663,0.000000,338.299866,8.225000,500.000000,1712606536790854,3,0,0,67632913,28.022326,35.910000,0.409030
4.219691,0,0,0,72.979701,-28.790422,0.000000,598.278740,116512.189129,138.911663,0.000000,338.299866,8.225000,500.000000,1712606536790854,4,0,0,73479589,104.305328,35.910000,1.538191
4.219691,0,0,0,72.979701,-28.790422,0.000000,598.278740,116512.189129,138.911663,0.000000,338.299866,8.225000,500.000000,1712606536915120,1,0,0,-73231912,-103.187004,35.910000,-1.538016
4.219691,0,0,0,72.979701,-28.790422,0.000000,598.278740,116512.189129,138.911663,0.000000,338.299866,8.225000,500.000000,1712606536915120,2,0,0,-67372814,-27.620764,35.910000,-0.409030
4.219691,0,0,0,72.979701,-28.790422,0.000000,598.278740,116512.189129,138.911663,0.000000,338.299866,8.225000,500.000000,1712606536915120,3,0,0,67633199,27.620764,35.910000,0.408981
4.219691,0,0,0,72.979701,-28.790422,0.000000,598.278740,116512.189129,138.911663,0.000000,338.299866,8.225000,500.000000,1712606536915120,4,0,0,73480655,103.187004,35.910000,1.538237
4.219691,0,0,0,72.979701,-28.790422,0.000000,598.278740,116512.189129,138.911663,0.000000,338.299866,8.225000,500.000000,1712606537039416,1,0,0,-73233111,-113.657013,35.910000,-1.537917
4.219691,0,0,0,72.979701,-28.790422,0.000000,598.278740,116512.189129,138.911663,0.000000,338.299866,8.225000,500.000000,1712606537039416,2,0,0,-67373137,-30.665949,35.910000,-0.408984
4.219691,0,0,0,72.979701,-28.790422,0.000000,598.278740,116512.189129,138.911663,0.000000,338.299866,8.225000,500.000000,1712606537039416,3,0,0,67633522,30.665949,35.910000,0.409136
4.219691,0,0,0,72.979701,-28.790422,0.000000,598.278740,116512.189129,138.911663,0.000000,338.299866,8.225000,500.000000,1712606537039416,4,0,0,73481854,113.657013,35.910000,1.537605
4.219691,0,0,0,72.979701,-28.790422,0.000000,598.278740,116512.189129,138.911663,0.000000,338.299866,8.225000,500.000000,1712606537165054,1,0,0,-73234184,-114.705589,35.910000,-1.539227
4.219691,0,0,0,72.979701,-28.790422,0.000000,598.278740,116512.189129,138.911663,0.000000,338.299866,8.225000,500.000000,1712606537165054,2,0,0,-67373425,-30.759041,35.910000,-0.409015
4.219691,0,0,0,72.979701,-28.790422,0.000000,598.278740,116512.189129,138.911663,0.000000,338.299866,8.225000,500.000000,1712606537165054,3,0,0,67633810,30.759041,35.910000,0.409093
4.219691,0,0,0,72.979701,-28.790422,0.000000,598.278740,116512.189129,138.911663,0.000000,338.299866,8.225000,500.000000,1712606537165054,4,0,0,73482927,114.705589,35.910000,1.539227
5.524862,0,0,0,75.586336,-20.502626,0.000000,703.368378,116476.625999,138.911663,0.000000,338.299866,14.350000,500.000000,1712606537319904,1,0,0,-73235393,-121.982918,35.910000,-1.537547
5.524862,0,0,0,75.586336,-20.502626,0.000000,703.368378,116476.625999,138.911663,0.000000,338.299866,14.350000,500.000000,1712606537319904,2,0,0,-67373749,-32.749561,35.910000,-0.410828
5.524862,0,0,0,75.586336,-20.502626,0.000000,703.368378,116476.625999,138.911663,0.000000,338.299866,14.350000,500.000000,1712606537319904,3,0,0,67634134,32.749561,35.910000,0.409083
5.524862,0,0,0,75.586336,-20.502626,0.000000,703.368378,116476.625999,138.911663,0.000000,338.299866,14.350000,500.000000,1712606537319904,4,0,0,73484136,121.982918,35.910000,1.539980
5.524862,0,0,0,75.586336,-20.502626,0.000000,703.368378,116476.625999,138.911663,0.000000,338.299866,14.350000,500.000000,1712606537458515,1,0,0,-73236612,-113.962547,35.910000,-1.537718
5.524862,0,0,0,75.586336,-20.502626,0.000000,703.368378,116476.625999,138.911663,0.000000,338.299866,14.350000,500.000000,1712606537458515,2,0,0,-67374077,-30.657829,35.910000,-0.409017
5.524862,0,0,0,75.586336,-20.502626,0.000000,703.368378,116476.625999,138.911663,0.000000,338.299866,14.350000,500.000000,1712606537458515,3,0,0,67634462,30.657829,35.910000,0.409027
5.524862,0,0,0,75.586336,-20.502626,0.000000,703.368378,116476.625999,138.911663,0.000000,338.299866,14.350000,500.000000,1712606537458515,4,0,0,73485355,113.962547,35.910000,1.537718
5.524862,0,0,0,75.586336,-20.502626,0.000000,703.368378,116476.625999,138.911663,0.000000,338.299866,14.350000,500.000000,1712606537585225,1,0,0,-73237819,-140.390579,35.910000,-1.539606
5.524862,0,0,0,75.586336,-20.502626,0.000000,703.368378,116476.625999,138.911663,0.000000,338.299866,14.350000,500.000000,1712606537585225,2,0,0,-67374401,-30.383038,35.910000,-0.409046
5.524862,0,0,0,75.586336,-20.502626,0.000000,703.368378,116476.625999,138.911663,0.000000,338.299866,14.350000,500.000000,1712606537585225,3,0,0,67634786,30.383038,35.910000,0.409011
5.524862,0,0,0,75.586336,-20.502626,0.000000,703.368378,116476.625999,138.911663,0.000000,338.299866,14.350000,500.000000,1712606537585225,4,0,0,73486562,113.150620,35.910000,1.539606
5.524862,0,0,0,75.586336,-20.502626,0.000000,703.368378,116476.625999,138.911663,0.000000,338.299866,14.350000,500.000000,1712606537711599,1,0,0,-73238914,-143.792618,35.910000,-1.538642
5.524862,0,0,0,75.586336,-20.502626,0.000000,703.368378,116476.625999,138.911663,0.000000,338.299866,14.350000,500.000000,1712606537711599,2,0,0,-67374695,-30.857687,35.910000,-0.409093
5.524862,0,0,0,75.586336,-20.502626,0.000000,703.368378,116476.625999,138.911663,0.000000,338.299866,14.350000,500.000000,1712606537711599,3,0,0,67635080,30.857687,35.910000,0.409093
5.524862,0,0,0,75.586336,-20.502626,0.000000,703.368378,116476.625999,138.911663,0.000000,338.299866,14.350000,500.000000,1712606537711599,4,0,0,73487657,115.034096,35.910000,1.538642
5.524862,0,0,0,75.586336,-20.502626,0.000000,703.368378,116476.625999,138.911663,0.000000,338.299866,14.350000,500.000000,1712606537835686,1,0,0,-73239986,-171.653976,35.910000,-1.538196
5.524862,0,0,0,75.586336,-20.502626,0.000000,703.368378,116476.625999,138.911663,0.000000,338.299866,14.350000,500.000000,1712606537835686,2,0,0,-67374983,-30.798643,35.910000,-0.409025
5.524862,0,0,0,75.586336,-20.502626,0.000000,703.368378,116476.625999,138.911663,0.000000,338.299866,14.350000,500.000000,1712606537835686,3,0,0,67635368,30.798643,35.910000,0.409038
5.524862,0,0,0,75.586336,-20.502626,0.000000,703.368378,116476.625999,138.911663,0.000000,338.299866,14.350000,500.000000,1712606537835686,4,0,0,73488729,114.794937,35.910000,1.538196
5.524862,0,0,0,75.586336,-20.502626,0.000000,703.368378,116476.625999,138.911663,0.000000,338.299866,14.350000,500.000000,1712606537960154,1,0,0,-73241061,-140.839767,35.910000,-1.538313
5.524862,0,0,0,75.586336,-20.502626,0.000000,703.368378,116476.625999,138.911663,0.000000,338.299866,14.350000,500.000000,1712606537960154,2,0,0,-67375271,-28.325317,35.910000,-0.409020
5.524862,0,0,0,75.586336,-20.502626,0.000000,703.368378,116476.625999,138.911663,0.000000,338.299866,14.350000,500.000000,1712606537960154,3,0,0,67635656,28.325317,35.910000,0.409029
5.524862,0,0,0,75.586336,-20.502626,0.000000,703.368378,116476.625999,138.911663,0.000000,338.299866,14.350000,500.000000,1712606537960154,4,0,0,73489804,140.839767,35.910000,1.538313
5.524862,0,0,0,75.586336,-20.502626,0.000000,703.368378,116476.625999,138.911663,0.000000,338.299866,14.350000,500.000000,1712606538119011,1,0,0,-73242273,-126.533669,35.910000,-1.538217
5.524862,0,0,0,75.586336,-20.502626,0.000000,703.368378,116476.625999,138.911663,0.000000,338.299866,14.350000,500.000000,1712606538119011,2,0,0,-67375596,-27.302652,35.910000,-0.408983
5.524862,0,0,0,75.586336,-20.502626,0.000000,703.368378,116476.625999,138.911663,0.000000,338.299866,14.350000,500.000000,1712606538119011,3,0,0,67636017,34.081242,35.910000,0.409023
5.524862,0,0,0,75.586336,-20.502626,0.000000,703.368378,116476.625999,138.911663,0.000000,338.299866,14.350000,500.000000,1712606538119011,4,0,0,73491016,126.721962,35.910000,1.537600
5.524862,0,0,0,75.586336,-20.502626,0.000000,703.368378,116476.625999,138.911663,0.000000,338.299866,14.350000,500.000000,1712606538244124,1,0,0,-73243348,-105.745522,35.910000,-1.537924
5.524862,0,0,0,75.586336,-20.502626,0.000000,703.368378,116476.625999,138.911663,0.000000,338.299866,14.350000,500.000000,1712606538244124,2,0,0,-67375885,-28.389807,35.910000,-0.409023
5.524862,0,0,0,75.586336,-20.502626,0.000000,703.368378,116476.625999,138.911663,0.000000,338.299866,14.350000,500.000000,1712606538244124,3,0,0,67636306,37.766258,35.910000,0.409029
5.524862,0,0,0,75.586336,-20.502626,0.000000,703.368378,116476.625999,138.911663,0.000000,338.299866,14.350000,500.000000,1712606538244124,4,0,0,73492091,105.745522,35.910000,1.538144
5.524862,0,0,0,75.586336,-20.502626,0.000000,703.368378,116476.625999,138.911663,0.000000,338.299866,14.350000,500.000000,1712606538370514,1,0,0,-73244551,-113.464668,35.910000,-1.539225
5.524862,0,0,0,75.586336,-20.502626,0.000000,703.368378,116476.625999,138.911663,0.000000,338.299866,14.350000,500.000000,1712606538370514,2,0,0,-67376210,-30.597214,35.910000,-0.409019
5.524862,0,0,0,75.586336,-20.502626,0.000000,703.368378,116476.625999,138.911663,0.000000,338.299866,14.350000,500.000000,1712606538370514,3,0,0,67636595,30.597214,35.910000,0.409074
5.524862,0,0,0,75.586336,-20.502626,0.000000,703.368378,116476.625999,138.911663,0.000000,338.299866,14.350000,500.000000,1712606538370514,4,0,0,73493294,113.464668,35.910000,1.538088
5.524862,0,0,0,75.586336,-20.502626,0.000000,703.368378,116476.625999,138.911663,0.000000,338.299866,14.350000,500.000000,1712606538495757,1,0,0,-73245631,-113.882195,35.910000,-1.539445
5.524862,0,0,0,75.586336,-20.502626,0.000000,703.368378,116476.625999,138.911663,0.000000,338.299866,14.350000,500.000000,1712606538495757,2,0,0,-67376500,-30.595217,35.910000,-0.409057
5.524862,0,0,0,75.586336,-20.502626,0.000000,703.368378,116476.625999,138.911663,0.000000,338.299866,14.350000,500.000000,1712606538495757,3,0,0,67636884,30.382750,35.910000,0.409044
5.524862,0,0,0,75.586336,-20.502626,0.000000,703.368378,116476.625999,138.911663,0.000000,338.299866,14.350000,500.000000,1712606538495757,4,0,0,73494374,113.882195,35.910000,1.538620
6.930466,0,0,0,87.049461,-15.315448,0.000000,822.867733,116442.935653,138.911663,0.000000,340.609924,22.400000,500.000000,1712606538622516,1,0,0,-73246722,-114.270218,35.910000,-1.538240
6.930466,0,0,0,87.049461,-15.315448,0.000000,822.867733,116442.935653,138.911663,0.000000,340.609924,22.400000,500.000000,1712606538622516,2,0,0,-67376794,-30.765059,35.910000,-0.409161
6.930466,0,0,0,87.049461,-15.315448,0.000000,822.867733,116442.935653,138.911663,0.000000,340.609924,22.400000,500.000000,1712606538622516,3,0,0,67637214,38.299358,35.910000,0.409033
6.930466,0,0,0,87.049461,-15.315448,0.000000,822.867733,116442.935653,138.911663,0.000000,340.609924,22.400000,500.000000,1712606538622516,4,0,0,73495465,114.270218,35.910000,1.540052
6.930466,0,0,0,87.049461,-15.315448,0.000000,822.867733,116442.935653,138.911663,0.000000,340.609924,22.400000,500.000000,1712606538772385,1,0,0,-73247938,-120.405220,35.910000,-1.537557
6.930466,0,0,0,87.049461,-15.315448,0.000000,822.867733,116442.935653,138.911663,0.000000,340.609924,22.400000,500.000000,1712606538772385,2,0,0,-67377120,-32.216045,35.910000,-0.409023
6.930466,0,0,0,87.049461,-15.315448,0.000000,822.867733,116442.935653,138.911663,0.000000,340.609924,22.400000,500.000000,1712606538772385,3,0,0,67637504,32.216045,35.910000,0.408985
6.930466,0,0,0,87.049461,-15.315448,0.000000,822.867733,116442.935653,138.911663,0.000000,340.609924,22.400000,500.000000,1712606538772385,4,0,0,73496681,120.405220,35.910000,1.538146
6.930466,0,0,0,87.049461,-15.315448,0.000000,822.867733,116442.935653,138.911663,0.000000,340.609924,22.400000,500.000000,1712606538897732,1,0,0,-73249139,-142.962494,35.910000,-1.537626
6.930466,0,0,0,87.049461,-15.315448,0.000000,822.867733,116442.935653,138.911663,0.000000,340.609924,22.400000,500.000000,1712606538897732,2,0,0,-67377442,-30.756025,35.910000,-0.409106
6.930466,0,0,0,87.049461,-15.315448,0.000000,822.867733,116442.935653,138.911663,0.000000,340.609924,22.400000,500.000000,1712606538897732,3,0,0,67637826,30.756025,35.910000,0.409021
6.930466,0,0,0,87.049461,-15.315448,0.000000,822.867733,116442.935653,138.911663,0.000000,340.609924,22.400000,500.000000,1712606538897732,4,0,0,73497882,114.963905,35.910000,1.537626
6.930466,0,0,0,87.049461,-15.315448,0.000000,822.867733,116442.935653,138.911663,0.000000,340.609924,22.400000,500.000000,1712606539022142,1,0,0,-73250215,-143.368408,35.910000,-1.538346
6.930466,0,0,0,87.049461,-15.315448,0.000000,822.867733,116442.935653,138.911663,0.000000,340.609924,22.400000,500.000000,1712606539022142,2,0,0,-67377732,-30.889181,35.910000,-0.408997
6.930466,0,0,0,87.049461,-15.315448,0.000000,822.867733,116442.935653,138.911663,0.000000,340.609924,22.400000,500.000000,1712606539022142,3,0,0,67638116,30.889181,35.910000,0.409028
6.930466,0,0,0,87.049461,-15.315448,0.000000,822.867733,116442.935653,138.911663,0.000000,340.609924,22.400000,500.000000,1712606539022142,4,0,0,73498958,114.609512,35.910000,1.538346
6.930466,0,0,0,87.049461,-15.315448,0.000000,822.867733,116442.935653,138.911663,0.000000,340.609924,22.400000,500.000000,1712606539146631,1,0,0,-73251284,-143.377792,35.910000,-1.538162
6.930466,0,0,0,87.049461,-15.315448,0.000000,822.867733,116442.935653,138.911663,0.000000,340.609924,22.400000,500.000000,1712606539146631,2,0,0,-67378020,-31.029520,35.910000,-0.409055
6.930466,0,0,0,87.049461,-15.315448,0.000000,822.867733,116442.935653,138.911663,0.000000,340.609924,22.400000,500.000000,1712606539146631,3,0,0,67638404,31.029520,35.910000,0.409017
6.930466,0,0,0,87.049461,-15.315448,0.000000,822.867733,116442.935653,138.911663,0.000000,340.609924,22.400000,500.000000,1712606539146631,4,0,0,73500027,114.488228,35.910000,1.538162
6.930466,0,0,0,87.049461,-15.315448,0.000000,822.867733,116442.935653,138.911663,0.000000,340.609924,22.400000,500.000000,1712606539271596,1,0,0,-73252357,-140.788971,35.910000,-1.538684
6.930466,0,0,0,87.049461,-15.315448,0.000000,822.867733,116442.935653,138.911663,0.000000,340.609924,22.400000,500.000000,1712606539271596,2,0,0,-67378310,-37.944981,35.910000,-0.409025
6.930466,0,0,0,87.049461,-15.315448,0.000000,822.867733,116442.935653,138.911663,0.000000,340.609924,22.400000,500.000000,1712606539271596,3,0,0,67638694,28.262468,35.910000,0.409028
6.930466,0,0,0,87.049461,-15.315448,0.000000,822.867733,116442.935653,138.911663,0.000000,340.609924,22.400000,500.000000,1712606539271596,4,0,0,73501100,140.788971,35.910000,1.538684
6.930466,0,0,0,87.049461,-15.315448,0.000000,822.867733,116442.935653,138.911663,0.000000,340.609924,22.400000,500.000000,1712606539411667,1,0,0,-73253428,-140.258606,35.910000,-1.538746
6.930466,0,0,0,87.049461,-15.315448,0.000000,822.867733,116442.935653,138.911663,0.000000,340.609924,22.400000,500.000000,1712606539411667,2,0,0,-67378598,-27.843546,35.910000,-0.409103
6.930466,0,0,0,87.049461,-15.315448,0.000000,822.867733,116442.935653,138.911663,0.000000,340.609924,22.400000,500.000000,1712606539411667,3,0,0,67638982,27.843546,35.910000,0.409042
6.930466,0,0,0,87.049461,-15.315448,0.000000,822.867733,116442.935653,138.911663,0.000000,340.609924,22.400000,500.000000,1712606539411667,4,0,0,73502171,140.258606,35.910000,1.538746
6.930466,0,0,0,87.049461,-15.315448,0.000000,822.867733,116442.935653,138.911663,0.000000,340.609924,22.400000,500.000000,1712606539537252,1,0,0,-73254524,-141.325104,35.910000,-1.538307
6.930466,0,0,0,87.049461,-15.315448,0.000000,822.867733,116442.935653,138.911663,0.000000,340.609924,22.400000,500.000000,1712606539537252,2,0,0,-67378892,-28.005709,35.910000,-0.409047
6.930466,0,0,0,87.049461,-15.315448,0.000000,822.867733,116442.935653,138.911663,0.000000,340.609924,22.400000,500.000000,1712606539537252,3,0,0,67639276,28.005709,35.910000,0.409049
6.930466,0,0,0,87.049461,-15.315448,0.000000,822.867733,116442.935653,138.911663,0.000000,340.609924,22.400000,500.000000,1712606539537252,4,0,0,73503267,141.325104,35.910000,1.538307
6.930466,0,0,0,87.049461,-15.315448,0.000000,822.867733,116442.935653,138.911663,0.000000,340.609924,22.400000,500.000000,1712606539679609,1,0,0,-73255868,-135.043869,35.910000,-1.538356
6.930466,0,0,0,87.049461,-15.315448,0.000000,822.867733,116442.935653,138.911663,0.000000,340.609924,22.400000,500.000000,1712606539679609,2,0,0,-67379253,-30.309097,35.910000,-0.409144
6.930466,0,0,0,87.049461,-15.315448,0.000000,822.867733,116442.935653,138.911663,0.000000,340.609924,22.400000,500.000000,1712606539679609,3,0,0,67639637,30.309097,35.910000,0.409005
6.930466,0,0,0,87.049461,-15.315448,0.000000,822.867733,116442.935653,138.911663,0.000000,340.609924,22.400000,500.000000,1712606539679609,4,0,0,73504611,135.043869,35.910000,1.538356
6.930466,0,0,0,87.049461,-15.315448,0.000000,822.867733,116442.935653,138.911663,0.000000,340.609924,22.400000,500.000000,1712606539803484,1,0,0,-73256944,-143.263107,35.910000,-1.538105
6.930466,0,0,0,87.049461,-15.315448,0.000000,822.867733,116442.935653,138.911663,0.000000,340.609924,22.400000,500.000000,1712606539803484,2,0,0,-67379543,-30.975807,35.910000,-0.409020
6.930466,0,0,0,87.049461,-15.315448,0.000000,822.867733,116442.935653,138.911663,0.000000,340.609924,22.400000,500.000000,1712606539803484,3,0,0,67639927,30.975807,35.910000,0.409020
6.930466,0,0,0,87.049461,-15.315448,0.000000,822.867733,116442.935653,138.911663,0.000000,340.609924,22.400000,500.000000,1712606539803484,4,0,0,73505687,114.653503,35.910000,1.538105
8.230483,0,0,0,77.476809,-10.060386,0.000000,929.323629,116430.709124,138.911663,0.000000,340.609924,22.400000,500.000000,1712606539958936,1,0,0,-73258142,-113.352203,35.910000,-1.539730
8.230483,0,0,0,77.476809,-10.060386,0.000000,929.323629,116430.709124,138.911663,0.000000,340.609924,22.400000,500.000000,1712606539958936,2,0,0,-67379865,-30.354616,35.910000,-0.409032
8.230483,0,0,0,77.476809,-10.060386,0.000000,929.323629,116430.709124,138.911663,0.000000,340.609924,22.400000,500.000000,1712606539958936,3,0,0,67640249,30.354616,35.910000,0.408956
8.230483,0,0,0,77.476809,-10.060386,0.000000,929.323629,116430.709124,138.911663,0.000000,340.609924,22.400000,500.000000,1712606539958936,4,0,0,73506885,113.352203,35.910000,1.538272
8.230483,0,0,0,77.476809,-10.060386,0.000000,929.323629,116430.709124,138.911663,0.000000,340.609924,22.400000,500.000000,1712606540083693,1,0,0,-73259352,-142.594467,35.910000,-1.539034
8.230483,0,0,0,77.476809,-10.060386,0.000000,929.323629,116430.709124,138.911663,0.000000,340.609924,22.400000,500.000000,1712606540083693,2,0,0,-67380192,-30.692980,35.910000,-0.409015
8.230483,0,0,0,77.476809,-10.060386,0.000000,929.323629,116430.709124,138.911663,0.000000,340.609924,22.400000,500.000000,1712606540083693,3,0,0,67640576,30.692980,35.910000,0.409031
8.230483,0,0,0,77.476809,-10.060386,0.000000,929.323629,116430.709124,138.911663,0.000000,340.609924,22.400000,500.000000,1712606540083693,4,0,0,73508095,113.606651,35.910000,1.539034
8.230483,0,0,0,77.476809,-10.060386,0.000000,929.323629,116430.709124,138.911663,0.000000,340.609924,22.400000,500.000000,1712606540230843,1,0,0,-73260567,-109.414299,35.910000,-1.538712
8.230483,0,0,0,77.476809,-10.060386,0.000000,929.323629,116430.709124,138.911663,0.000000,340.609924,22.400000,500.000000,1712606540230843,2,0,0,-67380519,-29.402081,35.910000,-0.409044
8.230483,0,0,0,77.476809,-10.060386,0.000000,929.323629,116430.709124,138.911663,0.000000,340.609924,22.400000,500.000000,1712606540230843,3,0,0,67640940,35.346764,35.910000,0.409011
8.230483,0,0,0,77.476809,-10.060386,0.000000,929.323629,116430.709124,138.911663,0.000000,340.609924,22.400000,500.000000,1712606540230843,4,0,0,73509310,109.414299,35.910000,1.538433
8.230483,0,0,0,77.476809,-10.060386,0.000000,929.323629,116430.709124,138.911663,0.000000,340.609924,22.400000,500.000000,1712606540358928,1,0,0,-73261648,-111.505821,35.910000,-1.539480
8.230483,0,0,0,77.476809,-10.060386,0.000000,929.323629,116430.709124,138.911663,0.000000,340.609924,22.400000,500.000000,1712606540358928,2,0,0,-67380847,-37.788086,35.910000,-0.409063
8.230483,0,0,0,77.476809,-10.060386,0.000000,929.323629,116430.709124,138.911663,0.000000,340.609924,22.400000,500.000000,1712606540358928,3,0,0,67641231,37.788086,35.910000,0.409063
8.230483,0,0,0,77.476809,-10.060386,0.000000,929.323629,116430.709124,138.911663,0.000000,340.609924,22.400000,500.000000,1712606540358928,4,0,0,73510391,111.505821,35.910000,1.538721
8.230483,0,0,0,77.476809,-10.060386,0.000000,929.323629,116430.709124,138.911663,0.000000,340.609924,22.400000,500.000000,1712606540485247,1,0,0,-73262746,-115.795761,35.910000,-1.538068
8.230483,0,0,0,77.476809,-10.060386,0.000000,929.323629,116430.709124,138.911663,0.000000,340.609924,22.400000,500.000000,1712606540485247,2,0,0,-67381140,-38.598587,35.910000,-0.409046
8.230483,0,0,0,77.476809,-10.060386,0.000000,929.323629,116430.709124,138.911663,0.000000,340.609924,22.400000,500.000000,1712606540485247,3,0,0,67641524,38.598587,35.910000,0.409046
8.230483,0,0,0,77.476809,-10.060386,0.000000,929.323629,116430.709124,138.911663,0.000000,340.609924,22.400000,500.000000,1712606540485247,4,0,0,73511622,143.848282,35.910000,1.538837
8.230483,0,0,0,77.476809,-10.060386,0.000000,929.323629,116430.709124,138.911663,0.000000,340.609924,22.400000,500.000000,1712606540623189,1,0,0,-73263827,-105.323448,35.910000,-1.538450
8.230483,0,0,0,77.476809,-10.060386,0.000000,929.323629,116430.709124,138.911663,0.000000,340.609924,22.400000,500.000000,1712606540623189,2,0,0,-67381431,-37.708397,35.910000,-0.409036
8.230483,0,0,0,77.476809,-10.060386,0.000000,929.323629,116430.709124,138.911663,0.000000,340.609924,22.400000,500.000000,1712606540623189,3,0,0,67641815,37.708397,35.910000,0.409036
8.230483,0,0,0,77.476809,-10.060386,0.000000,929.323629,116430.709124,138.911663,0.000000,340.609924,22.400000,500.000000,1712606540623189,4,0,0,73512570,105.323448,35.910000,1.538323
8.230483,0,0,0,77.476809,-10.060386,0.000000,929.323629,116430.709124,138.911663,0.000000,340.609924,22.400000,500.000000,1712606540746991,1,0,0,-73264903,-140.301666,35.910000,-1.538419
8.230483,0,0,0,77.476809,-10.060386,0.000000,929.323629,116430.709124,138.911663,0.000000,340.609924,22.400000,500.000000,1712606540746991,2,0,0,-67381720,-47.204296,35.910000,-0.408999
8.230483,0,0,0,77.476809,-10.060386,0.000000,929.323629,116430.709124,138.911663,0.000000,340.609924,22.400000,500.000000,1712606540746991,3,0,0,67642104,47.204296,35.910000,0.408999
8.230483,0,0,0,77.476809,-10.060386,0.000000,929.323629,116430.709124,138.911663,0.000000,340.609924,22.400000,500.000000,1712606540746991,4,0,0,73513646,140.301666,35.910000,1.538188
8.230483,0,0,0,77.476809,-10.060386,0.000000,929.323629,116430.709124,138.911663,0.000000,340.609924,22.400000,500.000000,1712606540870761,1,0,0,-73266103,-114.322334,35.910000,-1.538455
8.230483,0,0,0,77.476809,-10.060386,0.000000,929.323629,116430.709124,138.911663,0.000000,340.609924,22.400000,500.000000,1712606540870761,2,0,0,-67382007,-30.828495,35.910000,-0.409024
8.230483,0,0,0,77.476809,-10.060386,0.000000,929.323629,116430.709124,138.911663,0.000000,340.609924,22.400000,500.000000,1712606540870761,3,0,0,67642391,30.828495,35.910000,0.408987
8.230483,0,0,0,77.476809,-10.060386,0.000000,929.323629,116430.709124,138.911663,0.000000,340.609924,22.400000,500.000000,1712606540870761,4,0,0,73514846,114.322334,35.910000,1.538159
8.230483,0,0,0,77.476809,-10.060386,0.000000,929.323629,116430.709124,138.911663,0.000000,340.609924,22.400000,500.000000,1712606541024578,1,0,0,-73267169,-113.188843,35.910000,-1.564046
8.230483,0,0,0,77.476809,-10.060386,0.000000,929.323629,116430.709124,138.911663,0.000000,340.609924,22.400000,500.000000,1712606541024578,2,0,0,-67382294,-30.522833,35.910000,-0.408934
8.230483,0,0,0,77.476809,-10.060386,0.000000,929.323629,116430.709124,138.911663,0.000000,340.609924,22.400000,500.000000,1712606541024578,3,0,0,67642678,30.522833,35.910000,0.408960
8.230483,0,0,0,77.476809,-10.060386,0.000000,929.323629,116430.709124,138.911663,0.000000,340.609924,22.400000,500.000000,1712606541024578,4,0,0,73515912,113.188843,35.910000,1.536915
8.230483,0,0,0,77.476809,-10.060386,0.000000,929.323629,116430.709124,138.911663,0.000000,340.609924,22.400000,500.000000,1712606541173297,1,0,0,-73268649,-124.135246,35.910000,-1.538338
8.230483,0,0,0,77.476809,-10.060386,0.000000,929.323629,116430.709124,138.911663,0.000000,340.609924,22.400000,500.000000,1712606541173297,2,0,0,-67382691,-33.286636,35.910000,-0.409027
8.230483,0,0,0,77.476809,-10.060386,0.000000,929.323629,116430.709124,138.911663,0.000000,340.609924,22.400000,500.000000,1712606541173297,3,0,0,67643075,33.286636,35.910000,0.409048
8.230483,0,0,0,77.476809,-10.060386,0.000000,929.323629,116430.709124,138.911663,0.000000,340.609924,22.400000,500.000000,1712606541173297,4,0,0,73517392,124.135246,35.910000,1.538338
9.530760,0,0,0,78.093696,-10.461745,0.000000,1051.726680,116414.196943,138.911663,0.000000,340.609924,22.400000,500.000000,1712606541298891,1,0,0,-73269864,-143.947205,35.910000,-1.538482
9.530760,0,0,0,78.093696,-10.461745,0.000000,1051.726680,116414.196943,138.911663,0.000000,340.609924,22.400000,500.000000,1712606541298891,2,0,0,-67383017,-38.755016,35.910000,-0.409043
9.530760,0,0,0,78.093696,-10.461745,0.000000,1051.726680,116414.196943,138.911663,0.000000,340.609924,22.400000,500.000000,1712606541298891,3,0,0,67643401,38.755016,35.910000,0.409043
9.530760,0,0,0,78.093696,-10.461745,0.000000,1051.726680,116414.196943,138.911663,0.000000,340.609924,22.400000,500.000000,1712606541298891,4,0,0,73518607,143.947205,35.910000,1.538334
9.530760,0,0,0,78.093696,-10.461745,0.000000,1051.726680,116414.196943,138.911663,0.000000,340.609924,22.400000,500.000000,1712606541424319,1,0,0,-73270953,-143.632950,35.910000,-1.539751
9.530760,0,0,0,78.093696,-10.461745,0.000000,1051.726680,116414.196943,138.911663,0.000000,340.609924,22.400000,500.000000,1712606541424319,2,0,0,-67383310,-38.694675,35.910000,-0.408979
9.530760,0,0,0,78.093696,-10.461745,0.000000,1051.726680,116414.196943,138.911663,0.000000,340.609924,22.400000,500.000000,1712606541424319,3,0,0,67643694,38.694675,35.910000,0.408979
9.530760,0,0,0,78.093696,-10.461745,0.000000,1051.726680,116414.196943,138.911663,0.000000,340.609924,22.400000,500.000000,1712606541424319,4,0,0,73519696,143.632950,35.910000,1.538129
9.530760,0,0,0,78.093696,-10.461745,0.000000,1051.726680,116414.196943,138.911663,0.000000,340.609924,22.400000,500.000000,1712606541551102,1,0,0,-73272034,-143.709503,35.910000,-1.539289
9.530760,0,0,0,78.093696,-10.461745,0.000000,1051.726680,116414.196943,138.911663,0.000000,340.609924,22.400000,500.000000,1712606541551102,2,0,0,-67383601,-38.715298,35.910000,-0.409044
9.530760,0,0,0,78.093696,-10.461745,0.000000,1051.726680,116414.196943,138.911663,0.000000,340.609924,22.400000,500.000000,1712606541551102,3,0,0,67643985,31.350973,35.910000,0.409044
9.530760,0,0,0,78.093696,-10.461745,0.000000,1051.726680,116414.196943,138.911663,0.000000,340.609924,22.400000,500.000000,1712606541551102,4,0,0,73520777,143.709503,35.910000,1.538932
9.530760,0,0,0,78.093696,-10.461745,0.000000,1051.726680,116414.196943,138.911663,0.000000,340.609924,22.400000,500.000000,1712606541676321,1,0,0,-73273120,-143.589645,35.910000,-1.563611
9.530760,0,0,0,78.093696,-10.461745,0.000000,1051.726680,116414.196943,138.911663,0.000000,340.609924,22.400000,500.000000,1712606541676321,2,0,0,-67383893,-38.658749,35.910000,-0.409025
9.530760,0,0,0,78.093696,-10.461745,0.000000,1051.726680,116414.196943,138.911663,0.000000,340.609924,22.400000,500.000000,1712606541676321,3,0,0,67644277,38.658749,35.910000,0.409025
9.530760,0,0,0,78.093696,-10.461745,0.000000,1051.726680,116414.196943,138.911663,0.000000,340.609924,22.400000,500.000000,1712606541676321,4,0,0,73521863,143.589645,35.910000,1.538352
9.530760,0,0,0,78.093696,-10.461745,0.000000,1051.726680,116414.196943,138.911663,0.000000,340.609924,22.400000,500.000000,1712606541802218,1,0,0,-73274181,-169.996613,35.910000,-1.537953
9.530760,0,0,0,78.093696,-10.461745,0.000000,1051.726680,116414.196943,138.911663,0.000000,340.609924,22.400000,500.000000,1712606541802218,2,0,0,-67384178,-45.728573,35.910000,-0.409030
9.530760,0,0,0,78.093696,-10.461745,0.000000,1051.726680,116414.196943,138.911663,0.000000,340.609924,22.400000,500.000000,1712606541802218,3,0,0,67644562,45.728573,35.910000,0.409028
9.530760,0,0,0,78.093696,-10.461745,0.000000,1051.726680,116414.196943,138.911663,0.000000,340.609924,22.400000,500.000000,1712606541802218,4,0,0,73522924,169.996613,35.910000,1.537953
9.530760,0,0,0,78.093696,-10.461745,0.000000,1051.726680,116414.196943,138.911663,0.000000,340.609924,22.400000,500.000000,1712606541939013,1,0,0,-73275253,-140.442734,35.910000,-1.538996
9.530760,0,0,0,78.093696,-10.461745,0.000000,1051.726680,116414.196943,138.911663,0.000000,340.609924,22.400000,500.000000,1712606541939013,2,0,0,-67384467,-37.851665,35.910000,-0.408983
9.530760,0,0,0,78.093696,-10.461745,0.000000,1051.726680,116414.196943,138.911663,0.000000,340.609924,22.400000,500.000000,1712606541939013,3,0,0,67644851,37.851665,35.910000,0.409016
9.530760,0,0,0,78.093696,-10.461745,0.000000,1051.726680,116414.196943,138.911663,0.000000,340.609924,22.400000,500.000000,1712606541939013,4,0,0,73523996,140.442734,35.910000,1.538996
9.530760,0,0,0,78.093696,-10.461745,0.000000,1051.726680,116414.196943,138.911663,0.000000,340.609924,22.400000,500.000000,1712606542073585,1,0,0,-73276325,-141.734039,35.910000,-1.538284
9.530760,0,0,0,78.093696,-10.461745,0.000000,1051.726680,116414.196943,138.911663,0.000000,340.609924,22.400000,500.000000,1712606542073585,2,0,0,-67384755,-38.006893,35.910000,-0.408959
9.530760,0,0,0,78.093696,-10.461745,0.000000,1051.726680,116414.196943,138.911663,0.000000,340.609924,22.400000,500.000000,1712606542073585,3,0,0,67645139,38.006893,35.910000,0.409084
9.530760,0,0,0,78.093696,-10.461745,0.000000,1051.726680,116414.196943,138.911663,0.000000,340.609924,22.400000,500.000000,1712606542073585,4,0,0,73525068,141.734039,35.910000,1.538284
9.530760,0,0,0,78.093696,-10.461745,0.000000,1051.726680,116414.196943,138.911663,0.000000,340.609924,22.400000,500.000000,1712606542198037,1,0,0,-73277541,-114.451241,35.910000,-1.538128
9.530760,0,0,0,78.093696,-10.461745,0.000000,1051.726680,116414.196943,138.911663,0.000000,340.609924,22.400000,500.000000,1712606542198037,2,0,0,-67385082,-30.690836,35.910000,-0.409002
9.530760,0,0,0,78.093696,-10.461745,0.000000,1051.726680,116414.196943,138.911663,0.000000,340.609924,22.400000,500.000000,1712606542198037,3,0,0,67645466,30.690836,35.910000,0.409032
9.530760,0,0,0,78.093696,-10.461745,0.000000,1051.726680,116414.196943,138.911663,0.000000,340.609924,22.400000,500.000000,1712606542198037,4,0,0,73526284,114.451241,35.910000,1.537860
9.530760,0,0,0,78.093696,-10.461745,0.000000,1051.726680,116414.196943,138.911663,0.000000,340.609924,22.400000,500.000000,1712606542323969,1,0,0,-73278614,-114.853241,35.910000,-1.538425
9.530760,0,0,0,78.093696,-10.461745,0.000000,1051.726680,116414.196943,138.911663,0.000000,340.609924,22.400000,500.000000,1712606542323969,2,0,0,-67385369,-30.570917,35.910000,-0.409097
9.530760,0,0,0,78.093696,-10.461745,0.000000,1051.726680,116414.196943,138.911663,0.000000,340.609924,22.400000,500.000000,1712606542323969,3,0,0,67645753,30.570917,35.910000,0.409057
9.530760,0,0,0,78.093696,-10.461745,0.000000,1051.726680,116414.196943,138.911663,0.000000,340.609924,22.400000,500.000000,1712606542323969,4,0,0,73527357,114.853241,35.910000,1.539177
9.530760,0,0,0,78.093696,-10.461745,0.000000,1051.726680,116414.196943,138.911663,0.000000,340.609924,22.400000,500.000000,1712606542450379,1,0,0,-73279706,-114.149162,35.910000,-1.538961
9.530760,0,0,0,78.093696,-10.461745,0.000000,1051.726680,116414.196943,138.911663,0.000000,340.609924,22.400000,500.000000,1712606542450379,2,0,0,-67385663,-30.788857,35.910000,-0.409046
9.530760,0,0,0,78.093696,-10.461745,0.000000,1051.726680,116414.196943,138.911663,0.000000,340.609924,22.400000,500.000000,1712606542450379,3,0,0,67646047,30.788857,35.910000,0.409033
9.530760,0,0,0,78.093696,-10.461745,0.000000,1051.726680,116414.196943,138.911663,0.000000,340.609924,22.400000,500.000000,1712606542450379,4,0,0,73528449,114.149162,35.910000,1.538462
10.835689,0,0,0,98.791840,-5.394037,0.000000,1161.583969,116405.596155,138.911663,0.000000,341.029968,27.825000,500.000000,1712606542588607,1,0,0,-73280789,-113.949554,35.910000,-1.539203
10.835689,0,0,0,98.791840,-5.394037,0.000000,1161.583969,116405.596155,138.911663,0.000000,341.029968,27.825000,500.000000,1712606542588607,2,0,0,-67385953,-30.442924,35.910000,-0.409099
10.835689,0,0,0,98.791840,-5.394037,0.000000,1161.583969,116405.596155,138.911663,0.000000,341.029968,27.825000,500.000000,1712606542588607,3,0,0,67646337,30.442924,35.910000,0.410840
10.835689,0,0,0,98.791840,-5.394037,0.000000,1161.583969,116405.596155,138.911663,0.000000,341.029968,27.825000,500.000000,1712606542588607,4,0,0,73529532,113.949554,35.910000,1.539203
10.835689,0,0,0,98.791840,-5.394037,0.000000,1161.583969,116405.596155,138.911663,0.000000,341.029968,27.825000,500.000000,1712606542715299,1,0,0,-73281864,-104.566597,35.910000,-1.538995
10.835689,0,0,0,98.791840,-5.394037,0.000000,1161.583969,116405.596155,138.911663,0.000000,341.029968,27.825000,500.000000,1712606542715299,2,0,0,-67386242,-28.142614,35.910000,-0.408978
10.835689,0,0,0,98.791840,-5.394037,0.000000,1161.583969,116405.596155,138.911663,0.000000,341.029968,27.825000,500.000000,1712606542715299,3,0,0,67646663,37.695614,35.910000,0.408978
10.835689,0,0,0,98.791840,-5.394037,0.000000,1161.583969,116405.596155,138.911663,0.000000,341.029968,27.825000,500.000000,1712606542715299,4,0,0,73530607,104.566597,35.910000,1.538059
10.835689,0,0,0,98.791840,-5.394037,0.000000,1161.583969,116405.596155,138.911663,0.000000,341.029968,27.825000,500.000000,1712606542839309,1,0,0,-73282946,-105.467316,35.910000,-1.538033
10.835689,0,0,0,98.791840,-5.394037,0.000000,1161.583969,116405.596155,138.911663,0.000000,341.029968,27.825000,500.000000,1712606542839309,2,0,0,-67386532,-28.142153,35.910000,-0.409010
10.835689,0,0,0,98.791840,-5.394037,0.000000,1161.583969,116405.596155,138.911663,0.000000,341.029968,27.825000,500.000000,1712606542839309,3,0,0,67646952,37.610538,35.910000,0.409017
10.835689,0,0,0,98.791840,-5.394037,0.000000,1161.583969,116405.596155,138.911663,0.000000,341.029968,27.825000,500.000000,1712606542839309,4,0,0,73531689,105.467316,35.910000,1.537964
10.835689,0,0,0,98.791840,-5.394037,0.000000,1161.583969,116405.596155,138.911663,0.000000,341.029968,27.825000,500.000000,1712606542987360,1,0,0,-73284286,-123.756828,35.910000,-1.537357
10.835689,0,0,0,98.791840,-5.394037,0.000000,1161.583969,116405.596155,138.911663,0.000000,341.029968,27.825000,500.000000,1712606542987360,2,0,0,-67386894,-33.382988,35.910000,-0.409089
10.835689,0,0,0,98.791840,-5.394037,0.000000,1161.583969,116405.596155,138.911663,0.000000,341.029968,27.825000,500.000000,1712606542987360,3,0,0,67647278,33.382988,35.910000,0.409023
10.835689,0,0,0,98.791840,-5.394037,0.000000,1161.583969,116405.596155,138.911663,0.000000,341.029968,27.825000,500.000000,1712606542987360,4,0,0,73533030,123.941269,35.910000,1.537357
10.835689,0,0,0,98.791840,-5.394037,0.000000,1161.583969,116405.596155,138.911663,0.000000,341.029968,27.825000,500.000000,1712606543111568,1,0,0,-73285490,-143.392639,35.910000,-1.538166
10.835689,0,0,0,98.791840,-5.394037,0.000000,1161.583969,116405.596155,138.911663,0.000000,341.029968,27.825000,500.000000,1712606543111568,2,0,0,-67387217,-38.424072,35.910000,-0.409028
10.835689,0,0,0,98.791840,-5.394037,0.000000,1161.583969,116405.596155,138.911663,0.000000,341.029968,27.825000,500.000000,1712606543111568,3,0,0,67647601,38.424072,35.910000,0.409028
10.835689,0,0,0,98.791840,-5.394037,0.000000,1161.583969,116405.596155,138.911663,0.000000,341.029968,27.825000,500.000000,1712606543111568,4,0,0,73534234,143.392639,35.910000,1.538477
10.835689,0,0,0,98.791840,-5.394037,0.000000,1161.583969,116405.596155,138.911663,0.000000,341.029968,27.825000,500.000000,1712606543247113,1,0,0,-73286571,-140.805313,35.910000,-1.539063
10.835689,0,0,0,98.791840,-5.394037,0.000000,1161.583969,116405.596155,138.911663,0.000000,341.029968,27.825000,500.000000,1712606543247113,2,0,0,-67387506,-37.530827,35.910000,-0.409066
10.835689,0,0,0,98.791840,-5.394037,0.000000,1161.583969,116405.596155,138.911663,0.000000,341.029968,27.825000,500.000000,1712606543247113,3,0,0,67647890,37.530827,35.910000,0.409086
10.835689,0,0,0,98.791840,-5.394037,0.000000,1161.583969,116405.596155,138.911663,0.000000,341.029968,27.825000,500.000000,1712606543247113,4,0,0,73535315,140.805313,35.910000,1.538736
10.835689,0,0,0,98.791840,-5.394037,0.000000,1161.583969,116405.596155,138.911663,0.000000,341.029968,27.825000,500.000000,1712606543396769,1,0,0,-73287797,-113.599030,35.910000,-1.539394
10.835689,0,0,0,98.791840,-5.394037,0.000000,1161.583969,116405.596155,138.911663,0.000000,341.029968,27.825000,500.000000,1712606543396769,2,0,0,-67387836,-30.657040,35.910000,-0.409059
10.835689,0,0,0,98.791840,-5.394037,0.000000,1161.583969,116405.596155,138.911663,0.000000,341.029968,27.825000,500.000000,1712606543396769,3,0,0,67648220,30.657040,35.910000,0.409059
10.835689,0,0,0,98.791840,-5.394037,0.000000,1161.583969,116405.596155,138.911663,0.000000,341.029968,27.825000,500.000000,1712606543396769,4,0,0,73536541,113.599030,35.910000,1.539394
10.835689,0,0,0,98.791840,-5.394037,0.000000,1161.583969,116405.596155,138.911663,0.000000,341.029968,27.825000,500.000000,1712606543538953,1,0,0,-73289167,-140.438324,35.910000,-1.538374
10.835689,0,0,0,98.791840,-5.394037,0.000000,1161.583969,116405.596155,138.911663,0.000000,341.029968,27.825000,500.000000,1712606543538953,2,0,0,-67388206,-37.942383,35.910000,-0.409148
10.835689,0,0,0,98.791840,-5.394037,0.000000,1161.583969,116405.596155,138.911663,0.000000,341.029968,27.825000,500.000000,1712606543538953,3,0,0,67648590,37.942383,35.910000,0.409148
10.835689,0,0,0,98.791840,-5.394037,0.000000,1161.583969,116405.596155,138.911663,0.000000,341.029968,27.825000,500.000000,1712606543538953,4,0,0,73537911,140.438324,35.910000,1.537391
10.835689,0,0,0,98.791840,-5.394037,0.000000,1161.583969,116405.596155,138.911663,0.000000,341.029968,27.825000,500.000000,1712606543664301,1,0,0,-73290244,-143.337357,35.910000,-1.538304
10.835689,0,0,0,98.791840,-5.394037,0.000000,1161.583969,116405.596155,138.911663,0.000000,341.029968,27.825000,500.000000,1712606543664301,2,0,0,-67388496,-38.664772,35.910000,-0.409032
10.835689,0,0,0,98.791840,-5.394037,0.000000,1161.583969,116405.596155,138.911663,0.000000,341.029968,27.825000,500.000000,1712606543664301,3,0,0,67648880,38.664772,35.910000,0.409032
10.835689,0,0,0,98.791840,-5.394037,0.000000,1161.583969,116405.596155,138.911663,0.000000,341.029968,27.825000,500.000000,1712606543664301,4,0,0,73538988,143.337357,35.910000,1.538656
10.835689,0,0,0,98.791840,-5.394037,0.000000,1161.583969,116405.596155,138.911663,0.000000,341.029968,27.825000,500.000000,1712606543802111,1,0,0,-73291320,-142.177490,35.910000,-1.537141
10.835689,0,0,0,98.791840,-5.394037,0.000000,1161.583969,116405.596155,138.911663,0.000000,341.029968,27.825000,500.000000,1712606543802111,2,0,0,-67388785,-38.155579,35.910000,-0.409025
10.835689,0,0,0,98.791840,-5.394037,0.000000,1161.583969,116405.596155,138.911663,0.000000,341.029968,27.825000,500.000000,1712606543802111,3,0,0,67649169,38.155579,35.910000,0.409025
10.835689,0,0,0,98.791840,-5.394037,0.000000,1161.583969,116405.596155,138.911663,0.000000,341.029968,27.825000,500.000000,1712606543802111,4,0,0,73540064,142.177490,35.910000,1.539790
12.135727,0,0,0,96.573303,14.232165,0.000000,1273.506015,116426.776459,138.911663,0.000000,342.779968,41.125001,500.000000,1712606543926813,1,0,0,-73292407,-114.957581,35.910000,-1.538680
12.135727,0,0,0,96.573303,14.232165,0.000000,1273.506015,116426.776459,138.911663,0.000000,342.779968,41.125001,500.000000,1712606543926813,2,0,0,-67389114,-38.888996,35.910000,-0.409003
12.135727,0,0,0,96.573303,14.232165,0.000000,1273.506015,116426.776459,138.911663,0.000000,342.779968,41.125001,500.000000,1712606543926813,3,0,0,67649498,38.888996,35.910000,0.409003
12.135727,0,0,0,96.573303,14.232165,0.000000,1273.506015,116426.776459,138.911663,0.000000,342.779968,41.125001,500.000000,1712606543926813,4,0,0,73541151,114.957581,35.910000,1.538176
12.135727,0,0,0,96.573303,14.232165,0.000000,1273.506015,116426.776459,138.911663,0.000000,342.779968,41.125001,500.000000,1712606544051543,1,0,0,-73293477,-113.409889,35.910000,-1.539409
12.135727,0,0,0,96.573303,14.232165,0.000000,1273.506015,116426.776459,138.911663,0.000000,342.779968,41.125001,500.000000,1712606544051543,2,0,0,-67389403,-38.652809,35.910000,-0.409039
12.135727,0,0,0,96.573303,14.232165,0.000000,1273.506015,116426.776459,138.911663,0.000000,342.779968,41.125001,500.000000,1712606544051543,3,0,0,67649787,38.652809,35.910000,0.409039
12.135727,0,0,0,96.573303,14.232165,0.000000,1273.506015,116426.776459,138.911663,0.000000,342.779968,41.125001,500.000000,1712606544051543,4,0,0,73542221,113.409889,35.910000,1.537627
12.135727,0,0,0,96.573303,14.232165,0.000000,1273.506015,116426.776459,138.911663,0.000000,342.779968,41.125001,500.000000,1712606544175187,1,0,0,-73294552,-114.980057,35.910000,-1.537832
12.135727,0,0,0,96.573303,14.232165,0.000000,1273.506015,116426.776459,138.911663,0.000000,342.779968,41.125001,500.000000,1712606544175187,2,0,0,-67389689,-38.542004,35.910000,-0.408978
12.135727,0,0,0,96.573303,14.232165,0.000000,1273.506015,116426.776459,138.911663,0.000000,342.779968,41.125001,500.000000,1712606544175187,3,0,0,67650073,38.542004,35.910000,0.408978
12.135727,0,0,0,96.573303,14.232165,0.000000,1273.506015,116426.776459,138.911663,0.000000,342.779968,41.125001,500.000000,1712606544175187,4,0,0,73543296,114.980057,35.910000,1.538279
12.135727,0,0,0,96.573303,14.232165,0.000000,1273.506015,116426.776459,138.911663,0.000000,342.779968,41.125001,500.000000,1712606544301037,1,0,0,-73295623,-105.219933,35.910000,-1.538659
12.135727,0,0,0,96.573303,14.232165,0.000000,1273.506015,116426.776459,138.911663,0.000000,342.779968,41.125001,500.000000,1712606544301037,2,0,0,-67389978,-37.764580,35.910000,-0.409035
12.135727,0,0,0,96.573303,14.232165,0.000000,1273.506015,116426.776459,138.911663,0.000000,342.779968,41.125001,500.000000,1712606544301037,3,0,0,67650362,37.764580,35.910000,0.409035
12.135727,0,0,0,96.573303,14.232165,0.000000,1273.506015,116426.776459,138.911663,0.000000,342.779968,41.125001,500.000000,1712606544301037,4,0,0,73544367,105.219933,35.910000,1.538093
12.135727,0,0,0,96.573303,14.232165,0.000000,1273.506015,116426.776459,138.911663,0.000000,342.779968,41.125001,500.000000,1712606544428142,1,0,0,-73296702,-105.501831,35.910000,-1.538593
12.135727,0,0,0,96.573303,14.232165,0.000000,1273.506015,116426.776459,138.911663,0.000000,342.779968,41.125001,500.000000,1712606544428142,2,0,0,-67390269,-38.011688,35.910000,-0.409070
12.135727,0,0,0,96.573303,14.232165,0.000000,1273.506015,116426.776459,138.911663,0.000000,342.779968,41.125001,500.000000,1712606544428142,3,0,0,67650653,38.011688,35.910000,0.409070
12.135727,0,0,0,96.573303,14.232165,0.000000,1273.506015,116426.776459,138.911663,0.000000,342.779968,41.125001,500.000000,1712606544428142,4,0,0,73545582,140.669098,35.910000,1.539016
12.135727,0,0,0,96.573303,14.232165,0.000000,1273.506015,116426.776459,138.911663,0.000000,342.779968,41.125001,500.000000,1712606544589436,1,0,0,-73298068,-127.233047,35.910000,-1.537506
12.135727,0,0,0,96.573303,14.232165,0.000000,1273.506015,116426.776459,138.911663,0.000000,342.779968,41.125001,500.000000,1712606544589436,2,0,0,-67390600,-34.312119,35.910000,-0.409142
12.135727,0,0,0,96.573303,14.232165,0.000000,1273.506015,116426.776459,138.911663,0.000000,342.779968,41.125001,500.000000,1712606544589436,3,0,0,67650984,34.312119,35.910000,0.409063
12.135727,0,0,0,96.573303,14.232165,0.000000,1273.506015,116426.776459,138.911663,0.000000,342.779968,41.125001,500.000000,1712606544589436,4,0,0,73546812,127.233047,35.910000,1.537506
12.135727,0,0,0,96.573303,14.232165,0.000000,1273.506015,116426.776459,138.911663,0.000000,342.779968,41.125001,500.000000,1712606544717110,1,0,0,-73299299,-140.972443,35.910000,-1.538296
12.135727,0,0,0,96.573303,14.232165,0.000000,1273.506015,116426.776459,138.911663,0.000000,342.779968,41.125001,500.000000,1712606544717110,2,0,0,-67390931,-37.922409,35.910000,-0.409043
12.135727,0,0,0,96.573303,14.232165,0.000000,1273.506015,116426.776459,138.911663,0.000000,342.779968,41.125001,500.000000,1712606544717110,3,0,0,67651315,29.884508,35.910000,0.409023
12.135727,0,0,0,96.573303,14.232165,0.000000,1273.506015,116426.776459,138.911663,0.000000,342.779968,41.125001,500.000000,1712606544717110,4,0,0,73548043,140.972443,35.910000,1.538296
12.135727,0,0,0,96.573303,14.232165,0.000000,1273.506015,116426.776459,138.911663,0.000000,342.779968,41.125001,500.000000,1712606544842329,1,0,0,-73300370,-142.163574,35.910000,-1.539197
12.135727,0,0,0,96.573303,14.232165,0.000000,1273.506015,116426.776459,138.911663,0.000000,342.779968,41.125001,500.000000,1712606544842329,2,0,0,-67391219,-30.600233,35.910000,-0.409011
12.135727,0,0,0,96.573303,14.232165,0.000000,1273.506015,116426.776459,138.911663,0.000000,342.779968,41.125001,500.000000,1712606544842329,3,0,0,67651603,30.600233,35.910000,0.409091
12.135727,0,0,0,96.573303,14.232165,0.000000,1273.506015,116426.776459,138.911663,0.000000,342.779968,41.125001,500.000000,1712606544842329,4,0,0,73549114,142.163574,35.910000,1.539197
12.135727,0,0,0,96.573303,14.232165,0.000000,1273.506015,116426.776459,138.911663,0.000000,342.779968,41.125001,500.000000,1712606544966887,1,0,0,-73301454,-143.199707,35.910000,-1.537933
12.135727,0,0,0,96.573303,14.232165,0.000000,1273.506015,116426.776459,138.911663,0.000000,342.779968,41.125001,500.000000,1712606544966887,2,0,0,-67391510,-30.807058,35.910000,-0.409043
12.135727,0,0,0,96.573303,14.232165,0.000000,1273.506015,116426.776459,138.911663,0.000000,342.779968,41.125001,500.000000,1712606544966887,3,0,0,67651894,30.807058,35.910000,0.408991
12.135727,0,0,0,96.573303,14.232165,0.000000,1273.506015,116426.776459,138.911663,0.000000,342.779968,41.125001,500.000000,1712606544966887,4,0,0,73550198,143.199707,35.910000,1.537933
12.135727,0,0,0,96.573303,14.232165,0.000000,1273.506015,116426.776459,138.911663,0.000000,342.779968,41.125001,500.000000,1712606545091613,1,0,0,-73302524,-143.282486,35.910000,-1.538379
12.135727,0,0,0,96.573303,14.232165,0.000000,1273.506015,116426.776459,138.911663,0.000000,342.779968,41.125001,500.000000,1712606545091613,2,0,0,-67391797,-30.703388,35.910000,-0.409027
12.135727,0,0,0,96.573303,14.232165,0.000000,1273.506015,116426.776459,138.911663,0.000000,342.779968,41.125001,500.000000,1712606545091613,3,0,0,67652181,30.703388,35.910000,0.409039
12.135727,0,0,0,96.573303,14.232165,0.000000,1273.506015,116426.776459,138.911663,0.000000,342.779968,41.125001,500.000000,1712606545091613,4,0,0,73551268,143.282486,35.910000,1.538379
13.525930,0,0,0,97.455199,19.245325,0.000000,1393.574246,116448.920855,138.911663,0.000000,342.779968,41.125001,500.000000,1712606545254826,1,0,0,-73303753,-123.964211,35.910000,-1.538473
13.525930,0,0,0,97.455199,19.245325,0.000000,1393.574246,116448.920855,138.911663,0.000000,342.779968,41.125001,500.000000,1712606545254826,2,0,0,-67392127,-33.416439,35.910000,-0.409007
13.525930,0,0,0,97.455199,19.245325,0.000000,1393.574246,116448.920855,138.911663,0.000000,342.779968,41.125001,500.000000,1712606545254826,3,0,0,67652547,39.884136,35.910000,0.409007
13.525930,0,0,0,97.455199,19.245325,0.000000,1393.574246,116448.920855,138.911663,0.000000,342.779968,41.125001,500.000000,1712606545254826,4,0,0,73552497,123.964211,35.910000,1.538075
13.525930,0,0,0,97.455199,19.245325,0.000000,1393.574246,116448.920855,138.911663,0.000000,342.779968,41.125001,500.000000,1712606545380823,1,0,0,-73304977,-116.559685,35.910000,-1.538128
13.525930,0,0,0,97.455199,19.245325,0.000000,1393.574246,116448.920855,138.911663,0.000000,342.779968,41.125001,500.000000,1712606545380823,2,0,0,-67392456,-31.153225,35.910000,-0.409062
13.525930,0,0,0,97.455199,19.245325,0.000000,1393.574246,116448.920855,138.911663,0.000000,342.779968,41.125001,500.000000,1712606545380823,3,0,0,67652840,31.153225,35.910000,0.409002
13.525930,0,0,0,97.455199,19.245325,0.000000,1393.574246,116448.920855,138.911663,0.000000,342.779968,41.125001,500.000000,1712606545380823,4,0,0,73553721,116.559685,35.910000,1.538687
13.525930,0,0,0,97.455199,19.245325,0.000000,1393.574246,116448.920855,138.911663,0.000000,342.779968,41.125001,500.000000,1712606545507134,1,0,0,-73306058,-114.441902,35.910000,-1.539022
13.525930,0,0,0,97.455199,19.245325,0.000000,1393.574246,116448.920855,138.911663,0.000000,342.779968,41.125001,500.000000,1712606545507134,2,0,0,-67392747,-30.714188,35.910000,-0.409005
13.525930,0,0,0,97.455199,19.245325,0.000000,1393.574246,116448.920855,138.911663,0.000000,342.779968,41.125001,500.000000,1712606545507134,3,0,0,67653131,30.714188,35.910000,0.409076
13.525930,0,0,0,97.455199,19.245325,0.000000,1393.574246,116448.920855,138.911663,0.000000,342.779968,41.125001,500.000000,1712606545507134,4,0,0,73554802,114.441902,35.910000,1.537900
13.525930,0,0,0,97.455199,19.245325,0.000000,1393.574246,116448.920855,138.911663,0.000000,342.779968,41.125001,500.000000,1712606545634534,1,0,0,-73307155,-141.203903,35.910000,-1.538427
13.525930,0,0,0,97.455199,19.245325,0.000000,1393.574246,116448.920855,138.911663,0.000000,342.779968,41.125001,500.000000,1712606545634534,2,0,0,-67393043,-28.342918,35.910000,-0.409051
13.525930,0,0,0,97.455199,19.245325,0.000000,1393.574246,116448.920855,138.911663,0.000000,342.779968,41.125001,500.000000,1712606545634534,3,0,0,67653427,28.342918,35.910000,0.409093
13.525930,0,0,0,97.455199,19.245325,0.000000,1393.574246,116448.920855,138.911663,0.000000,342.779968,41.125001,500.000000,1712606545634534,4,0,0,73555899,105.200745,35.910000,1.538528
13.525930,0,0,0,97.455199,19.245325,0.000000,1393.574246,116448.920855,138.911663,0.000000,342.779968,41.125001,500.000000,1712606545772861,1,0,0,-73308233,-104.871590,35.910000,-1.538612
13.525930,0,0,0,97.455199,19.245325,0.000000,1393.574246,116448.920855,138.911663,0.000000,342.779968,41.125001,500.000000,1712606545772861,2,0,0,-67393331,-28.053150,35.910000,-0.409023
13.525930,0,0,0,97.455199,19.245325,0.000000,1393.574246,116448.920855,138.911663,0.000000,342.779968,41.125001,500.000000,1712606545772861,3,0,0,67653715,28.053150,35.910000,0.409044
13.525930,0,0,0,97.455199,19.245325,0.000000,1393.574246,116448.920855,138.911663,0.000000,342.779968,41.125001,500.000000,1712606545772861,4,0,0,73556977,104.871590,35.910000,1.538152
13.525930,0,0,0,97.455199,19.245325,0.000000,1393.574246,116448.920855,138.911663,0.000000,342.779968,41.125001,500.000000,1712606545897503,1,0,0,-73309311,-106.786919,35.910000,-1.538158
13.525930,0,0,0,97.455199,19.245325,0.000000,1393.574246,116448.920855,138.911663,0.000000,342.779968,41.125001,500.000000,1712606545897503,2,0,0,-67393621,-28.580441,35.910000,-0.409039
13.525930,0,0,0,97.455199,19.245325,0.000000,1393.574246,116448.920855,138.911663,0.000000,342.779968,41.125001,500.000000,1712606545897503,3,0,0,67654005,28.580441,35.910000,0.408990
13.525930,0,0,0,97.455199,19.245325,0.000000,1393.574246,116448.920855,138.911663,0.000000,342.779968,41.125001,500.000000,1712606545897503,4,0,0,73558055,106.786919,35.910000,1.538373
13.525930,0,0,0,97.455199,19.245325,0.000000,1393.574246,116448.920855,138.911663,0.000000,342.779968,41.125001,500.000000,1712606546031740,1,0,0,-73310655,-126.341179,35.910000,-1.538144
13.525930,0,0,0,97.455199,19.245325,0.000000,1393.574246,116448.920855,138.911663,0.000000,342.779968,41.125001,500.000000,1712606546031740,2,0,0,-67393982,-34.014935,35.910000,-0.409005
13.525930,0,0,0,97.455199,19.245325,0.000000,1393.574246,116448.920855,138.911663,0.000000,342.779968,41.125001,500.000000,1712606546031740,3,0,0,67654366,34.014935,35.910000,0.409005
13.525930,0,0,0,97.455199,19.245325,0.000000,1393.574246,116448.920855,138.911663,0.000000,342.779968,41.125001,500.000000,1712606546031740,4,0,0,73559399,126.341179,35.910000,1.538312
13.525930,0,0,0,97.455199,19.245325,0.000000,1393.574246,116448.920855,138.911663,0.000000,342.779968,41.125001,500.000000,1712606546156010,1,0,0,-73311722,-143.509140,35.910000,-1.538508
13.525930,0,0,0,97.455199,19.245325,0.000000,1393.574246,116448.920855,138.911663,0.000000,342.779968,41.125001,500.000000,1712606546156010,2,0,0,-67394268,-38.455292,35.910000,-0.409046
13.525930,0,0,0,97.455199,19.245325,0.000000,1393.574246,116448.920855,138.911663,0.000000,342.779968,41.125001,500.000000,1712606546156010,3,0,0,67654652,38.455292,35.910000,0.409046
13.525930,0,0,0,97.455199,19.245325,0.000000,1393.574246,116448.920855,138.911663,0.000000,342.779968,41.125001,500.000000,1712606546156010,4,0,0,73560466,143.509140,35.910000,1.538174
13.525930,0,0,0,97.455199,19.245325,0.000000,1393.574246,116448.920855,138.911663,0.000000,342.779968,41.125001,500.000000,1712606546281274,1,0,0,-73312796,-143.276352,35.910000,-1.538883
13.525930,0,0,0,97.455199,19.245325,0.000000,1393.574246,116448.920855,138.911663,0.000000,342.779968,41.125001,500.000000,1712606546281274,2,0,0,-67394557,-38.648315,35.910000,-0.409068
13.525930,0,0,0,97.455199,19.245325,0.000000,1393.574246,116448.920855,138.911663,0.000000,342.779968,41.125001,500.000000,1712606546281274,3,0,0,67654941,38.648315,35.910000,0.409068
13.525930,0,0,0,97.455199,19.245325,0.000000,1393.574246,116448.920855,138.911663,0.000000,342.779968,41.125001,500.000000,1712606546281274,4,0,0,73561540,143.276352,35.910000,1.538351
13.525930,0,0,0,97.455199,19.245325,0.000000,1393.574246,116448.920855,138.911663,0.000000,342.779968,41.125001,500.000000,1712606546407510,1,0,0,-73313884,-143.965607,35.910000,-1.539097
13.525930,0,0,0,97.455199,19.245325,0.000000,1393.574246,116448.920855,138.911663,0.000000,342.779968,41.125001,500.000000,1712606546407510,2,0,0,-67394849,-38.630070,35.910000,-0.409044
13.525930,0,0,0,97.455199,19.245325,0.000000,1393.574246,116448.920855,138.911663,0.000000,342.779968,41.125001,500.000000,1712606546407510,3,0,0,67655233,38.630070,35.910000,0.409044
13.525930,0,0,0,97.455199,19.245325,0.000000,1393.574246,116448.920855,138.911663,0.000000,342.779968,41.125001,500.000000,1712606546407510,4,0,0,73562628,143.965607,35.910000,1.538963
